filename,test_name,test_id,issue_severity,issue_confidence,issue_text,line_number,line_range,more_info
/Users/jose/Desktop/Homeassistant/__main__.py,blacklist,B404,LOW,HIGH,Consider possible security implications associated with subprocess module.,5,[5],https://bandit.readthedocs.io/en/latest/blacklists/blacklist_imports.html#b404-import-subprocess
/Users/jose/Desktop/Homeassistant/__main__.py,start_process_with_no_shell,B606,LOW,MEDIUM,Starting a process without a shell.,258,[258],https://bandit.readthedocs.io/en/latest/plugins/b606_start_process_with_no_shell.html
/Users/jose/Desktop/Homeassistant/__main__.py,subprocess_without_shell_equals_true,B603,LOW,HIGH,subprocess call - check for execution of untrusted input.,270,[270],https://bandit.readthedocs.io/en/latest/plugins/b603_subprocess_without_shell_equals_true.html
/Users/jose/Desktop/Homeassistant/auth/auth_store.py,assert_used,B101,LOW,HIGH,Use of assert detected. The enclosed code will be removed when compiling to optimised byte code.,49,[49],https://bandit.readthedocs.io/en/latest/plugins/b101_assert_used.html
/Users/jose/Desktop/Homeassistant/auth/auth_store.py,assert_used,B101,LOW,HIGH,Use of assert detected. The enclosed code will be removed when compiling to optimised byte code.,57,[57],https://bandit.readthedocs.io/en/latest/plugins/b101_assert_used.html
/Users/jose/Desktop/Homeassistant/auth/auth_store.py,assert_used,B101,LOW,HIGH,Use of assert detected. The enclosed code will be removed when compiling to optimised byte code.,65,[65],https://bandit.readthedocs.io/en/latest/plugins/b101_assert_used.html
/Users/jose/Desktop/Homeassistant/auth/auth_store.py,assert_used,B101,LOW,HIGH,Use of assert detected. The enclosed code will be removed when compiling to optimised byte code.,73,[73],https://bandit.readthedocs.io/en/latest/plugins/b101_assert_used.html
/Users/jose/Desktop/Homeassistant/auth/auth_store.py,assert_used,B101,LOW,HIGH,Use of assert detected. The enclosed code will be removed when compiling to optimised byte code.,90,[90],https://bandit.readthedocs.io/en/latest/plugins/b101_assert_used.html
/Users/jose/Desktop/Homeassistant/auth/auth_store.py,assert_used,B101,LOW,HIGH,Use of assert detected. The enclosed code will be removed when compiling to optimised byte code.,91,"[91, 92]",https://bandit.readthedocs.io/en/latest/plugins/b101_assert_used.html
/Users/jose/Desktop/Homeassistant/auth/auth_store.py,assert_used,B101,LOW,HIGH,Use of assert detected. The enclosed code will be removed when compiling to optimised byte code.,141,[141],https://bandit.readthedocs.io/en/latest/plugins/b101_assert_used.html
/Users/jose/Desktop/Homeassistant/auth/auth_store.py,assert_used,B101,LOW,HIGH,Use of assert detected. The enclosed code will be removed when compiling to optimised byte code.,154,"[154, 155]",https://bandit.readthedocs.io/en/latest/plugins/b101_assert_used.html
/Users/jose/Desktop/Homeassistant/auth/auth_store.py,assert_used,B101,LOW,HIGH,Use of assert detected. The enclosed code will be removed when compiling to optimised byte code.,187,[187],https://bandit.readthedocs.io/en/latest/plugins/b101_assert_used.html
/Users/jose/Desktop/Homeassistant/auth/auth_store.py,assert_used,B101,LOW,HIGH,Use of assert detected. The enclosed code will be removed when compiling to optimised byte code.,236,[236],https://bandit.readthedocs.io/en/latest/plugins/b101_assert_used.html
/Users/jose/Desktop/Homeassistant/auth/auth_store.py,assert_used,B101,LOW,HIGH,Use of assert detected. The enclosed code will be removed when compiling to optimised byte code.,249,[249],https://bandit.readthedocs.io/en/latest/plugins/b101_assert_used.html
/Users/jose/Desktop/Homeassistant/auth/auth_store.py,assert_used,B101,LOW,HIGH,Use of assert detected. The enclosed code will be removed when compiling to optimised byte code.,264,[264],https://bandit.readthedocs.io/en/latest/plugins/b101_assert_used.html
/Users/jose/Desktop/Homeassistant/auth/auth_store.py,assert_used,B101,LOW,HIGH,Use of assert detected. The enclosed code will be removed when compiling to optimised byte code.,489,[489],https://bandit.readthedocs.io/en/latest/plugins/b101_assert_used.html
/Users/jose/Desktop/Homeassistant/auth/auth_store.py,assert_used,B101,LOW,HIGH,Use of assert detected. The enclosed code will be removed when compiling to optimised byte code.,490,"[490, 491]",https://bandit.readthedocs.io/en/latest/plugins/b101_assert_used.html
/Users/jose/Desktop/Homeassistant/auth/mfa_modules/notify.py,assert_used,B101,LOW,HIGH,Use of assert detected. The enclosed code will be removed when compiling to optimised byte code.,175,[175],https://bandit.readthedocs.io/en/latest/plugins/b101_assert_used.html
/Users/jose/Desktop/Homeassistant/auth/mfa_modules/notify.py,assert_used,B101,LOW,HIGH,Use of assert detected. The enclosed code will be removed when compiling to optimised byte code.,188,[188],https://bandit.readthedocs.io/en/latest/plugins/b101_assert_used.html
/Users/jose/Desktop/Homeassistant/auth/mfa_modules/notify.py,assert_used,B101,LOW,HIGH,Use of assert detected. The enclosed code will be removed when compiling to optimised byte code.,197,[197],https://bandit.readthedocs.io/en/latest/plugins/b101_assert_used.html
/Users/jose/Desktop/Homeassistant/auth/mfa_modules/notify.py,assert_used,B101,LOW,HIGH,Use of assert detected. The enclosed code will be removed when compiling to optimised byte code.,205,[205],https://bandit.readthedocs.io/en/latest/plugins/b101_assert_used.html
/Users/jose/Desktop/Homeassistant/auth/mfa_modules/notify.py,assert_used,B101,LOW,HIGH,Use of assert detected. The enclosed code will be removed when compiling to optimised byte code.,223,[223],https://bandit.readthedocs.io/en/latest/plugins/b101_assert_used.html
/Users/jose/Desktop/Homeassistant/auth/mfa_modules/notify.py,assert_used,B101,LOW,HIGH,Use of assert detected. The enclosed code will be removed when compiling to optimised byte code.,231,"[231, 232]",https://bandit.readthedocs.io/en/latest/plugins/b101_assert_used.html
/Users/jose/Desktop/Homeassistant/auth/mfa_modules/notify.py,assert_used,B101,LOW,HIGH,Use of assert detected. The enclosed code will be removed when compiling to optimised byte code.,247,[247],https://bandit.readthedocs.io/en/latest/plugins/b101_assert_used.html
/Users/jose/Desktop/Homeassistant/auth/mfa_modules/notify.py,assert_used,B101,LOW,HIGH,Use of assert detected. The enclosed code will be removed when compiling to optimised byte code.,338,[338],https://bandit.readthedocs.io/en/latest/plugins/b101_assert_used.html
/Users/jose/Desktop/Homeassistant/auth/mfa_modules/notify.py,assert_used,B101,LOW,HIGH,Use of assert detected. The enclosed code will be removed when compiling to optimised byte code.,343,[343],https://bandit.readthedocs.io/en/latest/plugins/b101_assert_used.html
/Users/jose/Desktop/Homeassistant/auth/mfa_modules/totp.py,assert_used,B101,LOW,HIGH,Use of assert detected. The enclosed code will be removed when compiling to optimised byte code.,118,[118],https://bandit.readthedocs.io/en/latest/plugins/b101_assert_used.html
/Users/jose/Desktop/Homeassistant/auth/permissions/merge.py,assert_used,B101,LOW,HIGH,Use of assert detected. The enclosed code will be removed when compiling to optimised byte code.,46,"[46, 47]",https://bandit.readthedocs.io/en/latest/plugins/b101_assert_used.html
/Users/jose/Desktop/Homeassistant/auth/permissions/merge.py,assert_used,B101,LOW,HIGH,Use of assert detected. The enclosed code will be removed when compiling to optimised byte code.,51,"[51, 52]",https://bandit.readthedocs.io/en/latest/plugins/b101_assert_used.html
/Users/jose/Desktop/Homeassistant/auth/permissions/util.py,assert_used,B101,LOW,HIGH,Use of assert detected. The enclosed code will be removed when compiling to optimised byte code.,46,"[46, 47]",https://bandit.readthedocs.io/en/latest/plugins/b101_assert_used.html
/Users/jose/Desktop/Homeassistant/auth/permissions/util.py,assert_used,B101,LOW,HIGH,Use of assert detected. The enclosed code will be removed when compiling to optimised byte code.,93,"[93, 94]",https://bandit.readthedocs.io/en/latest/plugins/b101_assert_used.html
/Users/jose/Desktop/Homeassistant/auth/providers/__init__.py,assert_used,B101,LOW,HIGH,Use of assert detected. The enclosed code will be removed when compiling to optimised byte code.,225,"[225, 226]",https://bandit.readthedocs.io/en/latest/plugins/b101_assert_used.html
/Users/jose/Desktop/Homeassistant/auth/providers/__init__.py,assert_used,B101,LOW,HIGH,Use of assert detected. The enclosed code will be removed when compiling to optimised byte code.,229,[229],https://bandit.readthedocs.io/en/latest/plugins/b101_assert_used.html
/Users/jose/Desktop/Homeassistant/auth/providers/homeassistant.py,assert_used,B101,LOW,HIGH,Use of assert detected. The enclosed code will be removed when compiling to optimised byte code.,242,[242],https://bandit.readthedocs.io/en/latest/plugins/b101_assert_used.html
/Users/jose/Desktop/Homeassistant/auth/providers/homeassistant.py,assert_used,B101,LOW,HIGH,Use of assert detected. The enclosed code will be removed when compiling to optimised byte code.,252,[252],https://bandit.readthedocs.io/en/latest/plugins/b101_assert_used.html
/Users/jose/Desktop/Homeassistant/auth/providers/homeassistant.py,assert_used,B101,LOW,HIGH,Use of assert detected. The enclosed code will be removed when compiling to optimised byte code.,261,[261],https://bandit.readthedocs.io/en/latest/plugins/b101_assert_used.html
/Users/jose/Desktop/Homeassistant/auth/providers/homeassistant.py,assert_used,B101,LOW,HIGH,Use of assert detected. The enclosed code will be removed when compiling to optimised byte code.,270,[270],https://bandit.readthedocs.io/en/latest/plugins/b101_assert_used.html
/Users/jose/Desktop/Homeassistant/auth/providers/homeassistant.py,assert_used,B101,LOW,HIGH,Use of assert detected. The enclosed code will be removed when compiling to optimised byte code.,283,[283],https://bandit.readthedocs.io/en/latest/plugins/b101_assert_used.html
/Users/jose/Desktop/Homeassistant/auth/providers/homeassistant.py,assert_used,B101,LOW,HIGH,Use of assert detected. The enclosed code will be removed when compiling to optimised byte code.,305,[305],https://bandit.readthedocs.io/en/latest/plugins/b101_assert_used.html
/Users/jose/Desktop/Homeassistant/auth/providers/trusted_networks.py,assert_used,B101,LOW,HIGH,Use of assert detected. The enclosed code will be removed when compiling to optimised byte code.,83,[83],https://bandit.readthedocs.io/en/latest/plugins/b101_assert_used.html
/Users/jose/Desktop/Homeassistant/bootstrap.py,assert_used,B101,LOW,HIGH,Use of assert detected. The enclosed code will be removed when compiling to optimised byte code.,417,[417],https://bandit.readthedocs.io/en/latest/plugins/b101_assert_used.html
/Users/jose/Desktop/Homeassistant/components/actiontec/device_tracker.py,blacklist,B401,HIGH,HIGH,A telnet-related module is being imported.  Telnet is considered insecure. Use SSH or some other encrypted protocol.,5,"[5, 6]",https://bandit.readthedocs.io/en/latest/blacklists/blacklist_imports.html#b401-import-telnetlib
/Users/jose/Desktop/Homeassistant/components/actiontec/device_tracker.py,blacklist,B312,HIGH,HIGH,Telnet-related functions are being called. Telnet is considered insecure. Use SSH or some other encrypted protocol.,96,[96],https://bandit.readthedocs.io/en/latest/blacklists/blacklist_calls.html#b312-telnetlib
/Users/jose/Desktop/Homeassistant/components/alexa/intent.py,assert_used,B101,LOW,HIGH,Use of assert detected. The enclosed code will be removed when compiling to optimised byte code.,246,"[246, 247]",https://bandit.readthedocs.io/en/latest/plugins/b101_assert_used.html
/Users/jose/Desktop/Homeassistant/components/alexa/intent.py,assert_used,B101,LOW,HIGH,Use of assert detected. The enclosed code will be removed when compiling to optimised byte code.,260,"[260, 261]",https://bandit.readthedocs.io/en/latest/plugins/b101_assert_used.html
/Users/jose/Desktop/Homeassistant/components/alexa/intent.py,assert_used,B101,LOW,HIGH,Use of assert detected. The enclosed code will be removed when compiling to optimised byte code.,268,"[268, 269]",https://bandit.readthedocs.io/en/latest/plugins/b101_assert_used.html
/Users/jose/Desktop/Homeassistant/components/alexa/smart_home.py,assert_used,B101,LOW,HIGH,Use of assert detected. The enclosed code will be removed when compiling to optimised byte code.,21,"[21, 22]",https://bandit.readthedocs.io/en/latest/plugins/b101_assert_used.html
/Users/jose/Desktop/Homeassistant/components/cloud/client.py,assert_used,B101,LOW,HIGH,Use of assert detected. The enclosed code will be removed when compiling to optimised byte code.,86,[86],https://bandit.readthedocs.io/en/latest/plugins/b101_assert_used.html
/Users/jose/Desktop/Homeassistant/components/cloud/client.py,assert_used,B101,LOW,HIGH,Use of assert detected. The enclosed code will be removed when compiling to optimised byte code.,96,"[96, 97]",https://bandit.readthedocs.io/en/latest/plugins/b101_assert_used.html
/Users/jose/Desktop/Homeassistant/components/cloudflare/config_flow.py,assert_used,B101,LOW,HIGH,Use of assert detected. The enclosed code will be removed when compiling to optimised byte code.,100,[100],https://bandit.readthedocs.io/en/latest/plugins/b101_assert_used.html
/Users/jose/Desktop/Homeassistant/components/command_line/__init__.py,blacklist,B404,LOW,HIGH,Consider possible security implications associated with subprocess module.,4,"[4, 5]",https://bandit.readthedocs.io/en/latest/blacklists/blacklist_imports.html#b404-import-subprocess
/Users/jose/Desktop/Homeassistant/components/command_line/notify.py,blacklist,B404,LOW,HIGH,Consider possible security implications associated with subprocess module.,3,"[3, 4]",https://bandit.readthedocs.io/en/latest/blacklists/blacklist_imports.html#b404-import-subprocess
/Users/jose/Desktop/Homeassistant/components/demo/device_tracker.py,blacklist,B311,LOW,HIGH,Standard pseudo-random generators are not suitable for security/cryptographic purposes.,12,[12],https://bandit.readthedocs.io/en/latest/blacklists/blacklist_calls.html#b311-random
/Users/jose/Desktop/Homeassistant/components/demo/device_tracker.py,blacklist,B311,LOW,HIGH,Standard pseudo-random generators are not suitable for security/cryptographic purposes.,12,[12],https://bandit.readthedocs.io/en/latest/blacklists/blacklist_calls.html#b311-random
/Users/jose/Desktop/Homeassistant/components/demo/device_tracker.py,blacklist,B311,LOW,HIGH,Standard pseudo-random generators are not suitable for security/cryptographic purposes.,20,[20],https://bandit.readthedocs.io/en/latest/blacklists/blacklist_calls.html#b311-random
/Users/jose/Desktop/Homeassistant/components/demo/device_tracker.py,blacklist,B311,LOW,HIGH,Standard pseudo-random generators are not suitable for security/cryptographic purposes.,21,[21],https://bandit.readthedocs.io/en/latest/blacklists/blacklist_calls.html#b311-random
/Users/jose/Desktop/Homeassistant/components/demo/geo_location.py,blacklist,B311,LOW,HIGH,Standard pseudo-random generators are not suitable for security/cryptographic purposes.,62,[62],https://bandit.readthedocs.io/en/latest/blacklists/blacklist_calls.html#b311-random
/Users/jose/Desktop/Homeassistant/components/demo/geo_location.py,blacklist,B311,LOW,HIGH,Standard pseudo-random generators are not suitable for security/cryptographic purposes.,64,[64],https://bandit.readthedocs.io/en/latest/blacklists/blacklist_calls.html#b311-random
/Users/jose/Desktop/Homeassistant/components/demo/geo_location.py,blacklist,B311,LOW,HIGH,Standard pseudo-random generators are not suitable for security/cryptographic purposes.,72,[72],https://bandit.readthedocs.io/en/latest/blacklists/blacklist_calls.html#b311-random
/Users/jose/Desktop/Homeassistant/components/demo/geo_location.py,blacklist,B311,LOW,HIGH,Standard pseudo-random generators are not suitable for security/cryptographic purposes.,88,[88],https://bandit.readthedocs.io/en/latest/blacklists/blacklist_calls.html#b311-random
/Users/jose/Desktop/Homeassistant/components/demo/light.py,blacklist,B311,LOW,HIGH,Standard pseudo-random generators are not suitable for security/cryptographic purposes.,88,[88],https://bandit.readthedocs.io/en/latest/blacklists/blacklist_calls.html#b311-random
/Users/jose/Desktop/Homeassistant/components/demo/mailbox.py,blacklist,B303,MEDIUM,HIGH,"Use of insecure MD2, MD4, MD5, or SHA1 hash function.",30,[30],https://bandit.readthedocs.io/en/latest/blacklists/blacklist_calls.html#b303-md5
/Users/jose/Desktop/Homeassistant/components/denon/media_player.py,blacklist,B401,HIGH,HIGH,A telnet-related module is being imported.  Telnet is considered insecure. Use SSH or some other encrypted protocol.,3,"[3, 4]",https://bandit.readthedocs.io/en/latest/blacklists/blacklist_imports.html#b401-import-telnetlib
/Users/jose/Desktop/Homeassistant/components/denon/media_player.py,blacklist,B312,HIGH,HIGH,Telnet-related functions are being called. Telnet is considered insecure. Use SSH or some other encrypted protocol.,156,[156],https://bandit.readthedocs.io/en/latest/blacklists/blacklist_calls.html#b312-telnetlib
/Users/jose/Desktop/Homeassistant/components/denon/media_player.py,blacklist,B312,HIGH,HIGH,Telnet-related functions are being called. Telnet is considered insecure. Use SSH or some other encrypted protocol.,165,[165],https://bandit.readthedocs.io/en/latest/blacklists/blacklist_calls.html#b312-telnetlib
/Users/jose/Desktop/Homeassistant/components/derivative/sensor.py,assert_used,B101,LOW,HIGH,Use of assert detected. The enclosed code will be removed when compiling to optimised byte code.,176,[176],https://bandit.readthedocs.io/en/latest/plugins/b101_assert_used.html
/Users/jose/Desktop/Homeassistant/components/device_tracker/legacy.py,blacklist,B303,MEDIUM,HIGH,"Use of insecure MD2, MD4, MD5, or SHA1 hash function.",883,[883],https://bandit.readthedocs.io/en/latest/blacklists/blacklist_calls.html#b303-md5
/Users/jose/Desktop/Homeassistant/components/dialogflow/__init__.py,assert_used,B101,LOW,HIGH,Use of assert detected. The enclosed code will be removed when compiling to optimised byte code.,161,"[161, 162]",https://bandit.readthedocs.io/en/latest/plugins/b101_assert_used.html
/Users/jose/Desktop/Homeassistant/components/discogs/sensor.py,blacklist,B311,LOW,HIGH,Standard pseudo-random generators are not suitable for security/cryptographic purposes.,150,[150],https://bandit.readthedocs.io/en/latest/blacklists/blacklist_calls.html#b311-random
/Users/jose/Desktop/Homeassistant/components/ecovacs/__init__.py,blacklist,B311,LOW,HIGH,Standard pseudo-random generators are not suitable for security/cryptographic purposes.,38,[38],https://bandit.readthedocs.io/en/latest/blacklists/blacklist_calls.html#b311-random
/Users/jose/Desktop/Homeassistant/components/edl21/sensor.py,assert_used,B101,LOW,HIGH,Use of assert detected. The enclosed code will be removed when compiling to optimised byte code.,114,"[114, 115]",https://bandit.readthedocs.io/en/latest/plugins/b101_assert_used.html
/Users/jose/Desktop/Homeassistant/components/emulated_hue/__init__.py,assert_used,B101,LOW,HIGH,Use of assert detected. The enclosed code will be removed when compiling to optimised byte code.,285,[285],https://bandit.readthedocs.io/en/latest/plugins/b101_assert_used.html
/Users/jose/Desktop/Homeassistant/components/emulated_hue/hue_api.py,blacklist,B303,MEDIUM,HIGH,"Use of insecure MD2, MD4, MD5, or SHA1 hash function.",698,[698],https://bandit.readthedocs.io/en/latest/blacklists/blacklist_calls.html#b303-md5
/Users/jose/Desktop/Homeassistant/components/feedreader/__init__.py,blacklist,B403,LOW,HIGH,Consider possible security implications associated with pickle module.,5,[5],https://bandit.readthedocs.io/en/latest/blacklists/blacklist_imports.html#b403-import-pickle
/Users/jose/Desktop/Homeassistant/components/feedreader/__init__.py,blacklist,B301,MEDIUM,HIGH,"Pickle and modules that wrap it can be unsafe when used to deserialize untrusted data, possible security issue.",198,[198],https://bandit.readthedocs.io/en/latest/blacklists/blacklist_calls.html#b301-pickle
/Users/jose/Desktop/Homeassistant/components/flux_led/light.py,blacklist,B311,LOW,HIGH,Standard pseudo-random generators are not suitable for security/cryptographic purposes.,314,[314],https://bandit.readthedocs.io/en/latest/blacklists/blacklist_calls.html#b311-random
/Users/jose/Desktop/Homeassistant/components/flux_led/light.py,blacklist,B311,LOW,HIGH,Standard pseudo-random generators are not suitable for security/cryptographic purposes.,314,[314],https://bandit.readthedocs.io/en/latest/blacklists/blacklist_calls.html#b311-random
/Users/jose/Desktop/Homeassistant/components/flux_led/light.py,blacklist,B311,LOW,HIGH,Standard pseudo-random generators are not suitable for security/cryptographic purposes.,314,[314],https://bandit.readthedocs.io/en/latest/blacklists/blacklist_calls.html#b311-random
/Users/jose/Desktop/Homeassistant/components/foscam/camera.py,assert_used,B101,LOW,HIGH,Use of assert detected. The enclosed code will be removed when compiling to optimised byte code.,89,[89],https://bandit.readthedocs.io/en/latest/plugins/b101_assert_used.html
/Users/jose/Desktop/Homeassistant/components/group/__init__.py,assert_used,B101,LOW,HIGH,Use of assert detected. The enclosed code will be removed when compiling to optimised byte code.,399,"[399, 400]",https://bandit.readthedocs.io/en/latest/plugins/b101_assert_used.html
/Users/jose/Desktop/Homeassistant/components/group/__init__.py,assert_used,B101,LOW,HIGH,Use of assert detected. The enclosed code will be removed when compiling to optimised byte code.,409,"[409, 410]",https://bandit.readthedocs.io/en/latest/plugins/b101_assert_used.html
/Users/jose/Desktop/Homeassistant/components/group/cover.py,assert_used,B101,LOW,HIGH,Use of assert detected. The enclosed code will be removed when compiling to optimised byte code.,158,[158],https://bandit.readthedocs.io/en/latest/plugins/b101_assert_used.html
/Users/jose/Desktop/Homeassistant/components/group/light.py,assert_used,B101,LOW,HIGH,Use of assert detected. The enclosed code will be removed when compiling to optimised byte code.,106,[106],https://bandit.readthedocs.io/en/latest/plugins/b101_assert_used.html
/Users/jose/Desktop/Homeassistant/components/hddtemp/sensor.py,blacklist,B401,HIGH,HIGH,A telnet-related module is being imported.  Telnet is considered insecure. Use SSH or some other encrypted protocol.,5,"[5, 6]",https://bandit.readthedocs.io/en/latest/blacklists/blacklist_imports.html#b401-import-telnetlib
/Users/jose/Desktop/Homeassistant/components/hddtemp/sensor.py,blacklist,B312,HIGH,HIGH,Telnet-related functions are being called. Telnet is considered insecure. Use SSH or some other encrypted protocol.,123,[123],https://bandit.readthedocs.io/en/latest/blacklists/blacklist_calls.html#b312-telnetlib
/Users/jose/Desktop/Homeassistant/components/homekit/aidmanager.py,blacklist,B311,LOW,HIGH,Standard pseudo-random generators are not suitable for security/cryptographic purposes.,57,[57],https://bandit.readthedocs.io/en/latest/blacklists/blacklist_calls.html#b311-random
/Users/jose/Desktop/Homeassistant/components/http/view.py,assert_used,B101,LOW,HIGH,Use of assert detected. The enclosed code will be removed when compiling to optimised byte code.,80,[80],https://bandit.readthedocs.io/en/latest/plugins/b101_assert_used.html
/Users/jose/Desktop/Homeassistant/components/http/view.py,assert_used,B101,LOW,HIGH,Use of assert detected. The enclosed code will be removed when compiling to optimised byte code.,104,"[104, 105, 106, 107]",https://bandit.readthedocs.io/en/latest/plugins/b101_assert_used.html
/Users/jose/Desktop/Homeassistant/components/http/view.py,assert_used,B101,LOW,HIGH,Use of assert detected. The enclosed code will be removed when compiling to optimised byte code.,153,"[153, 154, 155]",https://bandit.readthedocs.io/en/latest/plugins/b101_assert_used.html
/Users/jose/Desktop/Homeassistant/components/http/web_runner.py,assert_used,B101,LOW,HIGH,Use of assert detected. The enclosed code will be removed when compiling to optimised byte code.,58,[58],https://bandit.readthedocs.io/en/latest/plugins/b101_assert_used.html
/Users/jose/Desktop/Homeassistant/components/huawei_lte/__init__.py,assert_used,B101,LOW,HIGH,Use of assert detected. The enclosed code will be removed when compiling to optimised byte code.,630,[630],https://bandit.readthedocs.io/en/latest/plugins/b101_assert_used.html
/Users/jose/Desktop/Homeassistant/components/huawei_lte/config_flow.py,hardcoded_password_funcarg,B106,LOW,MEDIUM,Possible hardcoded password: '',157,"[157, 158, 159, 160, 161]",https://bandit.readthedocs.io/en/latest/plugins/b106_hardcoded_password_funcarg.html
/Users/jose/Desktop/Homeassistant/components/huawei_lte/config_flow.py,assert_used,B101,LOW,HIGH,Use of assert detected. The enclosed code will be removed when compiling to optimised byte code.,194,[194],https://bandit.readthedocs.io/en/latest/plugins/b101_assert_used.html
/Users/jose/Desktop/Homeassistant/components/hue/config_flow.py,assert_used,B101,LOW,HIGH,Use of assert detected. The enclosed code will be removed when compiling to optimised byte code.,143,[143],https://bandit.readthedocs.io/en/latest/plugins/b101_assert_used.html
/Users/jose/Desktop/Homeassistant/components/hue/light.py,blacklist,B311,LOW,HIGH,Standard pseudo-random generators are not suitable for security/cryptographic purposes.,413,[413],https://bandit.readthedocs.io/en/latest/blacklists/blacklist_calls.html#b311-random
/Users/jose/Desktop/Homeassistant/components/hue/light.py,blacklist,B311,LOW,HIGH,Standard pseudo-random generators are not suitable for security/cryptographic purposes.,414,[414],https://bandit.readthedocs.io/en/latest/blacklists/blacklist_calls.html#b311-random
/Users/jose/Desktop/Homeassistant/components/hyperion/config_flow.py,assert_used,B101,LOW,HIGH,Use of assert detected. The enclosed code will be removed when compiling to optimised byte code.,262,[262],https://bandit.readthedocs.io/en/latest/plugins/b101_assert_used.html
/Users/jose/Desktop/Homeassistant/components/hyperion/config_flow.py,assert_used,B101,LOW,HIGH,Use of assert detected. The enclosed code will be removed when compiling to optimised byte code.,336,[336],https://bandit.readthedocs.io/en/latest/plugins/b101_assert_used.html
/Users/jose/Desktop/Homeassistant/components/hyperion/config_flow.py,assert_used,B101,LOW,HIGH,Use of assert detected. The enclosed code will be removed when compiling to optimised byte code.,337,[337],https://bandit.readthedocs.io/en/latest/plugins/b101_assert_used.html
/Users/jose/Desktop/Homeassistant/components/hyperion/light.py,assert_used,B101,LOW,HIGH,Use of assert detected. The enclosed code will be removed when compiling to optimised byte code.,588,[588],https://bandit.readthedocs.io/en/latest/plugins/b101_assert_used.html
/Users/jose/Desktop/Homeassistant/components/integration/sensor.py,assert_used,B101,LOW,HIGH,Use of assert detected. The enclosed code will be removed when compiling to optimised byte code.,166,[166],https://bandit.readthedocs.io/en/latest/plugins/b101_assert_used.html
/Users/jose/Desktop/Homeassistant/components/intesishome/climate.py,blacklist,B311,LOW,HIGH,Standard pseudo-random generators are not suitable for security/cryptographic purposes.,370,[370],https://bandit.readthedocs.io/en/latest/blacklists/blacklist_calls.html#b311-random
/Users/jose/Desktop/Homeassistant/components/izone/climate.py,assert_used,B101,LOW,HIGH,Use of assert detected. The enclosed code will be removed when compiling to optimised byte code.,285,[285],https://bandit.readthedocs.io/en/latest/plugins/b101_assert_used.html
/Users/jose/Desktop/Homeassistant/components/met/__init__.py,blacklist,B311,LOW,HIGH,Standard pseudo-random generators are not suitable for security/cryptographic purposes.,77,[77],https://bandit.readthedocs.io/en/latest/blacklists/blacklist_calls.html#b311-random
/Users/jose/Desktop/Homeassistant/components/modbus/__init__.py,assert_used,B101,LOW,HIGH,Use of assert detected. The enclosed code will be removed when compiling to optimised byte code.,324,[324],https://bandit.readthedocs.io/en/latest/plugins/b101_assert_used.html
/Users/jose/Desktop/Homeassistant/components/neato/vacuum.py,assert_used,B101,LOW,HIGH,Use of assert detected. The enclosed code will be removed when compiling to optimised byte code.,91,"[91, 92]",https://bandit.readthedocs.io/en/latest/plugins/b101_assert_used.html
/Users/jose/Desktop/Homeassistant/components/notify/__init__.py,assert_used,B101,LOW,HIGH,Use of assert detected. The enclosed code will be removed when compiling to optimised byte code.,166,"[166, 167]",https://bandit.readthedocs.io/en/latest/plugins/b101_assert_used.html
/Users/jose/Desktop/Homeassistant/components/notify/__init__.py,assert_used,B101,LOW,HIGH,Use of assert detected. The enclosed code will be removed when compiling to optimised byte code.,205,"[205, 206]",https://bandit.readthedocs.io/en/latest/plugins/b101_assert_used.html
/Users/jose/Desktop/Homeassistant/components/osramlightify/light.py,blacklist,B311,LOW,HIGH,Standard pseudo-random generators are not suitable for security/cryptographic purposes.,285,[285],https://bandit.readthedocs.io/en/latest/blacklists/blacklist_calls.html#b311-random
/Users/jose/Desktop/Homeassistant/components/osramlightify/light.py,blacklist,B311,LOW,HIGH,Standard pseudo-random generators are not suitable for security/cryptographic purposes.,286,[286],https://bandit.readthedocs.io/en/latest/blacklists/blacklist_calls.html#b311-random
/Users/jose/Desktop/Homeassistant/components/osramlightify/light.py,blacklist,B311,LOW,HIGH,Standard pseudo-random generators are not suitable for security/cryptographic purposes.,287,[287],https://bandit.readthedocs.io/en/latest/blacklists/blacklist_calls.html#b311-random
/Users/jose/Desktop/Homeassistant/components/picotts/tts.py,blacklist,B404,LOW,HIGH,Consider possible security implications associated with subprocess module.,5,[5],https://bandit.readthedocs.io/en/latest/blacklists/blacklist_imports.html#b404-import-subprocess
/Users/jose/Desktop/Homeassistant/components/picotts/tts.py,subprocess_without_shell_equals_true,B603,LOW,HIGH,subprocess call - check for execution of untrusted input.,55,[55],https://bandit.readthedocs.io/en/latest/plugins/b603_subprocess_without_shell_equals_true.html
/Users/jose/Desktop/Homeassistant/components/piglow/light.py,blacklist,B404,LOW,HIGH,Consider possible security implications associated with subprocess module.,3,"[3, 4]",https://bandit.readthedocs.io/en/latest/blacklists/blacklist_imports.html#b404-import-subprocess
/Users/jose/Desktop/Homeassistant/components/ping/device_tracker.py,blacklist,B404,LOW,HIGH,Consider possible security implications associated with subprocess module.,4,[4],https://bandit.readthedocs.io/en/latest/blacklists/blacklist_imports.html#b404-import-subprocess
/Users/jose/Desktop/Homeassistant/components/ping/device_tracker.py,subprocess_without_shell_equals_true,B603,LOW,HIGH,subprocess call - check for execution of untrusted input.,53,"[53, 54]",https://bandit.readthedocs.io/en/latest/plugins/b603_subprocess_without_shell_equals_true.html
/Users/jose/Desktop/Homeassistant/components/pioneer/media_player.py,blacklist,B401,HIGH,HIGH,A telnet-related module is being imported.  Telnet is considered insecure. Use SSH or some other encrypted protocol.,3,"[3, 4]",https://bandit.readthedocs.io/en/latest/blacklists/blacklist_imports.html#b401-import-telnetlib
/Users/jose/Desktop/Homeassistant/components/pioneer/media_player.py,blacklist,B312,HIGH,HIGH,Telnet-related functions are being called. Telnet is considered insecure. Use SSH or some other encrypted protocol.,114,[114],https://bandit.readthedocs.io/en/latest/blacklists/blacklist_calls.html#b312-telnetlib
/Users/jose/Desktop/Homeassistant/components/pioneer/media_player.py,blacklist,B312,HIGH,HIGH,Telnet-related functions are being called. Telnet is considered insecure. Use SSH or some other encrypted protocol.,127,[127],https://bandit.readthedocs.io/en/latest/blacklists/blacklist_calls.html#b312-telnetlib
/Users/jose/Desktop/Homeassistant/components/pvpc_hourly_pricing/sensor.py,blacklist,B311,LOW,HIGH,Standard pseudo-random generators are not suitable for security/cryptographic purposes.,78,[78],https://bandit.readthedocs.io/en/latest/blacklists/blacklist_calls.html#b311-random
/Users/jose/Desktop/Homeassistant/components/python_script/__init__.py,exec_used,B102,MEDIUM,HIGH,Use of exec detected.,217,[217],https://bandit.readthedocs.io/en/latest/plugins/b102_exec_used.html
/Users/jose/Desktop/Homeassistant/components/qwikswitch/sensor.py,assert_used,B101,LOW,HIGH,Use of assert detected. The enclosed code will be removed when compiling to optimised byte code.,38,"[38, 39, 40]",https://bandit.readthedocs.io/en/latest/plugins/b101_assert_used.html
/Users/jose/Desktop/Homeassistant/components/rachio/device.py,assert_used,B101,LOW,HIGH,Use of assert detected. The enclosed code will be removed when compiling to optimised byte code.,43,[43],https://bandit.readthedocs.io/en/latest/plugins/b101_assert_used.html
/Users/jose/Desktop/Homeassistant/components/rachio/device.py,assert_used,B101,LOW,HIGH,Use of assert detected. The enclosed code will be removed when compiling to optimised byte code.,48,[48],https://bandit.readthedocs.io/en/latest/plugins/b101_assert_used.html
/Users/jose/Desktop/Homeassistant/components/rachio/webhooks.py,assert_used,B101,LOW,HIGH,Use of assert detected. The enclosed code will be removed when compiling to optimised byte code.,96,[96],https://bandit.readthedocs.io/en/latest/plugins/b101_assert_used.html
/Users/jose/Desktop/Homeassistant/components/random/sensor.py,blacklist,B311,LOW,HIGH,Standard pseudo-random generators are not suitable for security/cryptographic purposes.,84,[84],https://bandit.readthedocs.io/en/latest/blacklists/blacklist_calls.html#b311-random
/Users/jose/Desktop/Homeassistant/components/recorder/models.py,assert_used,B101,LOW,HIGH,Use of assert detected. The enclosed code will be removed when compiling to optimised byte code.,195,"[195, 196]",https://bandit.readthedocs.io/en/latest/plugins/b101_assert_used.html
/Users/jose/Desktop/Homeassistant/components/remote/__init__.py,assert_used,B101,LOW,HIGH,Use of assert detected. The enclosed code will be removed when compiling to optimised byte code.,152,[152],https://bandit.readthedocs.io/en/latest/plugins/b101_assert_used.html
/Users/jose/Desktop/Homeassistant/components/remote/__init__.py,assert_used,B101,LOW,HIGH,Use of assert detected. The enclosed code will be removed when compiling to optimised byte code.,163,[163],https://bandit.readthedocs.io/en/latest/plugins/b101_assert_used.html
/Users/jose/Desktop/Homeassistant/components/remote/__init__.py,assert_used,B101,LOW,HIGH,Use of assert detected. The enclosed code will be removed when compiling to optimised byte code.,172,[172],https://bandit.readthedocs.io/en/latest/plugins/b101_assert_used.html
/Users/jose/Desktop/Homeassistant/components/rpi_camera/camera.py,blacklist,B404,LOW,HIGH,Consider possible security implications associated with subprocess module.,5,[5],https://bandit.readthedocs.io/en/latest/blacklists/blacklist_imports.html#b404-import-subprocess
/Users/jose/Desktop/Homeassistant/components/rpi_camera/camera.py,start_process_with_partial_path,B607,LOW,HIGH,Starting a process with a partial executable path,29,"[29, 30]",https://bandit.readthedocs.io/en/latest/plugins/b607_start_process_with_partial_path.html
/Users/jose/Desktop/Homeassistant/components/rpi_camera/camera.py,subprocess_without_shell_equals_true,B603,LOW,HIGH,subprocess call - check for execution of untrusted input.,29,"[29, 30]",https://bandit.readthedocs.io/en/latest/plugins/b603_subprocess_without_shell_equals_true.html
/Users/jose/Desktop/Homeassistant/components/rpi_camera/camera.py,subprocess_without_shell_equals_true,B603,LOW,HIGH,subprocess call - check for execution of untrusted input.,120,[120],https://bandit.readthedocs.io/en/latest/plugins/b603_subprocess_without_shell_equals_true.html
/Users/jose/Desktop/Homeassistant/components/scene/__init__.py,assert_used,B101,LOW,HIGH,Use of assert detected. The enclosed code will be removed when compiling to optimised byte code.,107,[107],https://bandit.readthedocs.io/en/latest/plugins/b101_assert_used.html
/Users/jose/Desktop/Homeassistant/components/seven_segments/image_processing.py,blacklist,B404,LOW,HIGH,Consider possible security implications associated with subprocess module.,5,"[5, 6]",https://bandit.readthedocs.io/en/latest/blacklists/blacklist_imports.html#b404-import-subprocess
/Users/jose/Desktop/Homeassistant/components/seven_segments/image_processing.py,subprocess_without_shell_equals_true,B603,LOW,HIGH,subprocess call - check for execution of untrusted input.,127,"[127, 128]",https://bandit.readthedocs.io/en/latest/plugins/b603_subprocess_without_shell_equals_true.html
/Users/jose/Desktop/Homeassistant/components/spotify/config_flow.py,assert_used,B101,LOW,HIGH,Use of assert detected. The enclosed code will be removed when compiling to optimised byte code.,66,[66],https://bandit.readthedocs.io/en/latest/plugins/b101_assert_used.html
/Users/jose/Desktop/Homeassistant/components/spotify/config_flow.py,assert_used,B101,LOW,HIGH,Use of assert detected. The enclosed code will be removed when compiling to optimised byte code.,88,[88],https://bandit.readthedocs.io/en/latest/plugins/b101_assert_used.html
/Users/jose/Desktop/Homeassistant/components/switch/light.py,assert_used,B101,LOW,HIGH,Use of assert detected. The enclosed code will be removed when compiling to optimised byte code.,139,[139],https://bandit.readthedocs.io/en/latest/plugins/b101_assert_used.html
/Users/jose/Desktop/Homeassistant/components/telnet/switch.py,blacklist,B401,HIGH,HIGH,A telnet-related module is being imported.  Telnet is considered insecure. Use SSH or some other encrypted protocol.,4,"[4, 5]",https://bandit.readthedocs.io/en/latest/blacklists/blacklist_imports.html#b401-import-telnetlib
/Users/jose/Desktop/Homeassistant/components/telnet/switch.py,blacklist,B312,HIGH,HIGH,Telnet-related functions are being called. Telnet is considered insecure. Use SSH or some other encrypted protocol.,115,[115],https://bandit.readthedocs.io/en/latest/blacklists/blacklist_calls.html#b312-telnetlib
/Users/jose/Desktop/Homeassistant/components/thomson/device_tracker.py,blacklist,B401,HIGH,HIGH,A telnet-related module is being imported.  Telnet is considered insecure. Use SSH or some other encrypted protocol.,4,"[4, 5]",https://bandit.readthedocs.io/en/latest/blacklists/blacklist_imports.html#b401-import-telnetlib
/Users/jose/Desktop/Homeassistant/components/thomson/device_tracker.py,blacklist,B312,HIGH,HIGH,Telnet-related functions are being called. Telnet is considered insecure. Use SSH or some other encrypted protocol.,95,[95],https://bandit.readthedocs.io/en/latest/blacklists/blacklist_calls.html#b312-telnetlib
/Users/jose/Desktop/Homeassistant/components/tibber/sensor.py,blacklist,B311,LOW,HIGH,Standard pseudo-random generators are not suitable for security/cryptographic purposes.,63,[63],https://bandit.readthedocs.io/en/latest/blacklists/blacklist_calls.html#b311-random
/Users/jose/Desktop/Homeassistant/components/toon/oauth2.py,hardcoded_password_funcarg,B106,LOW,MEDIUM,Possible hardcoded password: 'https://api.toon.eu/token',65,"[65, 66, 67, 68, 69, 70, 71]",https://bandit.readthedocs.io/en/latest/plugins/b106_hardcoded_password_funcarg.html
/Users/jose/Desktop/Homeassistant/components/tts/__init__.py,blacklist,B303,MEDIUM,HIGH,"Use of insecure MD2, MD4, MD5, or SHA1 hash function.",301,[301],https://bandit.readthedocs.io/en/latest/blacklists/blacklist_calls.html#b303-md5
/Users/jose/Desktop/Homeassistant/components/unifi_direct/device_tracker.py,try_except_pass,B110,LOW,HIGH,"Try, Except, Pass detected.",93,[93],https://bandit.readthedocs.io/en/latest/plugins/b110_try_except_pass.html
/Users/jose/Desktop/Homeassistant/components/vizio/config_flow.py,assert_used,B101,LOW,HIGH,Use of assert detected. The enclosed code will be removed when compiling to optimised byte code.,209,[209],https://bandit.readthedocs.io/en/latest/plugins/b101_assert_used.html
/Users/jose/Desktop/Homeassistant/components/vizio/config_flow.py,assert_used,B101,LOW,HIGH,Use of assert detected. The enclosed code will be removed when compiling to optimised byte code.,349,"[349, 350, 351]",https://bandit.readthedocs.io/en/latest/plugins/b101_assert_used.html
/Users/jose/Desktop/Homeassistant/components/wake_on_lan/switch.py,blacklist,B404,LOW,HIGH,Consider possible security implications associated with subprocess module.,4,"[4, 5]",https://bandit.readthedocs.io/en/latest/blacklists/blacklist_imports.html#b404-import-subprocess
/Users/jose/Desktop/Homeassistant/components/wake_on_lan/switch.py,subprocess_without_shell_equals_true,B603,LOW,HIGH,subprocess call - check for execution of untrusted input.,143,[143],https://bandit.readthedocs.io/en/latest/plugins/b603_subprocess_without_shell_equals_true.html
/Users/jose/Desktop/Homeassistant/components/x10/light.py,blacklist,B404,LOW,HIGH,Consider possible security implications associated with STDOUT module.,3,"[3, 4]",https://bandit.readthedocs.io/en/latest/blacklists/blacklist_imports.html#b404-import-subprocess
/Users/jose/Desktop/Homeassistant/components/x10/light.py,subprocess_without_shell_equals_true,B603,LOW,HIGH,subprocess call - check for execution of untrusted input.,32,[32],https://bandit.readthedocs.io/en/latest/plugins/b603_subprocess_without_shell_equals_true.html
/Users/jose/Desktop/Homeassistant/components/x10/light.py,start_process_with_partial_path,B607,LOW,HIGH,Starting a process with a partial executable path,37,[37],https://bandit.readthedocs.io/en/latest/plugins/b607_start_process_with_partial_path.html
/Users/jose/Desktop/Homeassistant/components/x10/light.py,subprocess_without_shell_equals_true,B603,LOW,HIGH,subprocess call - check for execution of untrusted input.,37,[37],https://bandit.readthedocs.io/en/latest/plugins/b603_subprocess_without_shell_equals_true.html
/Users/jose/Desktop/Homeassistant/components/xiaomi/camera.py,blacklist,B402,HIGH,HIGH,A FTP-related module is being imported.  FTP is considered insecure. Use SSH/SFTP/SCP or some other encrypted protocol.,3,[3],https://bandit.readthedocs.io/en/latest/blacklists/blacklist_imports.html#b402-import-ftplib
/Users/jose/Desktop/Homeassistant/components/xiaomi/camera.py,blacklist,B321,HIGH,HIGH,FTP-related functions are being called. FTP is considered insecure. Use SSH/SFTP/SCP or some other encrypted protocol.,95,[95],https://bandit.readthedocs.io/en/latest/blacklists/blacklist_calls.html#b321-ftplib
/Users/jose/Desktop/Homeassistant/components/xmpp/notify.py,blacklist,B311,LOW,HIGH,Standard pseudo-random generators are not suitable for security/cryptographic purposes.,356,[356],https://bandit.readthedocs.io/en/latest/blacklists/blacklist_calls.html#b311-random
/Users/jose/Desktop/Homeassistant/components/zha/climate.py,blacklist,B311,LOW,HIGH,Standard pseudo-random generators are not suitable for security/cryptographic purposes.,517,[517],https://bandit.readthedocs.io/en/latest/blacklists/blacklist_calls.html#b311-random
/Users/jose/Desktop/Homeassistant/components/zha/core/device.py,blacklist,B311,LOW,HIGH,Standard pseudo-random generators are not suitable for security/cryptographic purposes.,111,[111],https://bandit.readthedocs.io/en/latest/blacklists/blacklist_calls.html#b311-random
/Users/jose/Desktop/Homeassistant/components/zha/core/device.py,assert_used,B101,LOW,HIGH,Use of assert detected. The enclosed code will be removed when compiling to optimised byte code.,143,[143],https://bandit.readthedocs.io/en/latest/plugins/b101_assert_used.html
/Users/jose/Desktop/Homeassistant/components/zha/core/helpers.py,blacklist,B311,LOW,HIGH,Standard pseudo-random generators are not suitable for security/cryptographic purposes.,219,[219],https://bandit.readthedocs.io/en/latest/blacklists/blacklist_calls.html#b311-random
/Users/jose/Desktop/Homeassistant/components/zha/light.py,blacklist,B311,LOW,HIGH,Standard pseudo-random generators are not suitable for security/cryptographic purposes.,393,[393],https://bandit.readthedocs.io/en/latest/blacklists/blacklist_calls.html#b311-random
/Users/jose/Desktop/Homeassistant/components/zha/sensor.py,assert_used,B101,LOW,HIGH,Use of assert detected. The enclosed code will be removed when compiling to optimised byte code.,128,[128],https://bandit.readthedocs.io/en/latest/plugins/b101_assert_used.html
/Users/jose/Desktop/Homeassistant/components/zwave/config_flow.py,blacklist,B311,LOW,HIGH,Standard pseudo-random generators are not suitable for security/cryptographic purposes.,69,[69],https://bandit.readthedocs.io/en/latest/blacklists/blacklist_calls.html#b311-random
/Users/jose/Desktop/Homeassistant/components/zwave/config_flow.py,blacklist,B311,LOW,HIGH,Standard pseudo-random generators are not suitable for security/cryptographic purposes.,70,[70],https://bandit.readthedocs.io/en/latest/blacklists/blacklist_calls.html#b311-random
/Users/jose/Desktop/Homeassistant/config_entries.py,assert_used,B101,LOW,HIGH,Use of assert detected. The enclosed code will be removed when compiling to optimised byte code.,323,"[323, 324, 325]",https://bandit.readthedocs.io/en/latest/plugins/b101_assert_used.html
/Users/jose/Desktop/Homeassistant/config_entries.py,assert_used,B101,LOW,HIGH,Use of assert detected. The enclosed code will be removed when compiling to optimised byte code.,896,[896],https://bandit.readthedocs.io/en/latest/plugins/b101_assert_used.html
/Users/jose/Desktop/Homeassistant/config_entries.py,assert_used,B101,LOW,HIGH,Use of assert detected. The enclosed code will be removed when compiling to optimised byte code.,935,[935],https://bandit.readthedocs.io/en/latest/plugins/b101_assert_used.html
/Users/jose/Desktop/Homeassistant/config_entries.py,assert_used,B101,LOW,HIGH,Use of assert detected. The enclosed code will be removed when compiling to optimised byte code.,950,[950],https://bandit.readthedocs.io/en/latest/plugins/b101_assert_used.html
/Users/jose/Desktop/Homeassistant/config_entries.py,assert_used,B101,LOW,HIGH,Use of assert detected. The enclosed code will be removed when compiling to optimised byte code.,956,[956],https://bandit.readthedocs.io/en/latest/plugins/b101_assert_used.html
/Users/jose/Desktop/Homeassistant/config_entries.py,assert_used,B101,LOW,HIGH,Use of assert detected. The enclosed code will be removed when compiling to optimised byte code.,966,[966],https://bandit.readthedocs.io/en/latest/plugins/b101_assert_used.html
/Users/jose/Desktop/Homeassistant/config_entries.py,assert_used,B101,LOW,HIGH,Use of assert detected. The enclosed code will be removed when compiling to optimised byte code.,1009,[1009],https://bandit.readthedocs.io/en/latest/plugins/b101_assert_used.html
/Users/jose/Desktop/Homeassistant/config_entries.py,assert_used,B101,LOW,HIGH,Use of assert detected. The enclosed code will be removed when compiling to optimised byte code.,1025,"[1025, 1026, 1027]",https://bandit.readthedocs.io/en/latest/plugins/b101_assert_used.html
/Users/jose/Desktop/Homeassistant/config_entries.py,assert_used,B101,LOW,HIGH,Use of assert detected. The enclosed code will be removed when compiling to optimised byte code.,1158,"[1158, 1159]",https://bandit.readthedocs.io/en/latest/plugins/b101_assert_used.html
/Users/jose/Desktop/Homeassistant/core.py,assert_used,B101,LOW,HIGH,Use of assert detected. The enclosed code will be removed when compiling to optimised byte code.,794,[794],https://bandit.readthedocs.io/en/latest/plugins/b101_assert_used.html
/Users/jose/Desktop/Homeassistant/core.py,assert_used,B101,LOW,HIGH,Use of assert detected. The enclosed code will be removed when compiling to optimised byte code.,1562,"[1562, 1563]",https://bandit.readthedocs.io/en/latest/plugins/b101_assert_used.html
/Users/jose/Desktop/Homeassistant/helpers/area_registry.py,assert_used,B101,LOW,HIGH,Use of assert detected. The enclosed code will be removed when compiling to optimised byte code.,65,[65],https://bandit.readthedocs.io/en/latest/plugins/b101_assert_used.html
/Users/jose/Desktop/Homeassistant/helpers/collection.py,assert_used,B101,LOW,HIGH,Use of assert detected. The enclosed code will be removed when compiling to optimised byte code.,371,[371],https://bandit.readthedocs.io/en/latest/plugins/b101_assert_used.html
/Users/jose/Desktop/Homeassistant/helpers/condition.py,assert_used,B101,LOW,HIGH,Use of assert detected. The enclosed code will be removed when compiling to optimised byte code.,314,"[314, 315]",https://bandit.readthedocs.io/en/latest/plugins/b101_assert_used.html
/Users/jose/Desktop/Homeassistant/helpers/condition.py,assert_used,B101,LOW,HIGH,Use of assert detected. The enclosed code will be removed when compiling to optimised byte code.,645,[645],https://bandit.readthedocs.io/en/latest/plugins/b101_assert_used.html
/Users/jose/Desktop/Homeassistant/helpers/config_entry_flow.py,assert_used,B101,LOW,HIGH,Use of assert detected. The enclosed code will be removed when compiling to optimised byte code.,61,[61],https://bandit.readthedocs.io/en/latest/plugins/b101_assert_used.html
/Users/jose/Desktop/Homeassistant/helpers/config_entry_flow.py,assert_used,B101,LOW,HIGH,Use of assert detected. The enclosed code will be removed when compiling to optimised byte code.,92,[92],https://bandit.readthedocs.io/en/latest/plugins/b101_assert_used.html
/Users/jose/Desktop/Homeassistant/helpers/config_entry_flow.py,assert_used,B101,LOW,HIGH,Use of assert detected. The enclosed code will be removed when compiling to optimised byte code.,145,[145],https://bandit.readthedocs.io/en/latest/plugins/b101_assert_used.html
/Users/jose/Desktop/Homeassistant/helpers/config_entry_oauth2_flow.py,assert_used,B101,LOW,HIGH,Use of assert detected. The enclosed code will be removed when compiling to optimised byte code.,230,[230],https://bandit.readthedocs.io/en/latest/plugins/b101_assert_used.html
/Users/jose/Desktop/Homeassistant/helpers/config_entry_oauth2_flow.py,assert_used,B101,LOW,HIGH,Use of assert detected. The enclosed code will be removed when compiling to optimised byte code.,314,[314],https://bandit.readthedocs.io/en/latest/plugins/b101_assert_used.html
/Users/jose/Desktop/Homeassistant/helpers/debounce.py,assert_used,B101,LOW,HIGH,Use of assert detected. The enclosed code will be removed when compiling to optimised byte code.,51,"[51, 52]",https://bandit.readthedocs.io/en/latest/plugins/b101_assert_used.html
/Users/jose/Desktop/Homeassistant/helpers/debounce.py,assert_used,B101,LOW,HIGH,Use of assert detected. The enclosed code will be removed when compiling to optimised byte code.,81,"[81, 82]",https://bandit.readthedocs.io/en/latest/plugins/b101_assert_used.html
/Users/jose/Desktop/Homeassistant/helpers/discovery.py,assert_used,B101,LOW,HIGH,Use of assert detected. The enclosed code will be removed when compiling to optimised byte code.,183,"[183, 184]",https://bandit.readthedocs.io/en/latest/plugins/b101_assert_used.html
/Users/jose/Desktop/Homeassistant/helpers/entity.py,assert_used,B101,LOW,HIGH,Use of assert detected. The enclosed code will be removed when compiling to optimised byte code.,304,[304],https://bandit.readthedocs.io/en/latest/plugins/b101_assert_used.html
/Users/jose/Desktop/Homeassistant/helpers/entity.py,assert_used,B101,LOW,HIGH,Use of assert detected. The enclosed code will be removed when compiling to optimised byte code.,381,[381],https://bandit.readthedocs.io/en/latest/plugins/b101_assert_used.html
/Users/jose/Desktop/Homeassistant/helpers/entity.py,assert_used,B101,LOW,HIGH,Use of assert detected. The enclosed code will be removed when compiling to optimised byte code.,422,[422],https://bandit.readthedocs.io/en/latest/plugins/b101_assert_used.html
/Users/jose/Desktop/Homeassistant/helpers/entity.py,assert_used,B101,LOW,HIGH,Use of assert detected. The enclosed code will be removed when compiling to optimised byte code.,438,[438],https://bandit.readthedocs.io/en/latest/plugins/b101_assert_used.html
/Users/jose/Desktop/Homeassistant/helpers/entity.py,assert_used,B101,LOW,HIGH,Use of assert detected. The enclosed code will be removed when compiling to optimised byte code.,535,"[535, 536]",https://bandit.readthedocs.io/en/latest/plugins/b101_assert_used.html
/Users/jose/Desktop/Homeassistant/helpers/entity.py,assert_used,B101,LOW,HIGH,Use of assert detected. The enclosed code will be removed when compiling to optimised byte code.,570,"[570, 571]",https://bandit.readthedocs.io/en/latest/plugins/b101_assert_used.html
/Users/jose/Desktop/Homeassistant/helpers/entity.py,assert_used,B101,LOW,HIGH,Use of assert detected. The enclosed code will be removed when compiling to optimised byte code.,585,"[585, 586, 587, 588]",https://bandit.readthedocs.io/en/latest/plugins/b101_assert_used.html
/Users/jose/Desktop/Homeassistant/helpers/entity.py,assert_used,B101,LOW,HIGH,Use of assert detected. The enclosed code will be removed when compiling to optimised byte code.,601,[601],https://bandit.readthedocs.io/en/latest/plugins/b101_assert_used.html
/Users/jose/Desktop/Homeassistant/helpers/entity.py,assert_used,B101,LOW,HIGH,Use of assert detected. The enclosed code will be removed when compiling to optimised byte code.,614,[614],https://bandit.readthedocs.io/en/latest/plugins/b101_assert_used.html
/Users/jose/Desktop/Homeassistant/helpers/entity.py,assert_used,B101,LOW,HIGH,Use of assert detected. The enclosed code will be removed when compiling to optimised byte code.,618,"[618, 619]",https://bandit.readthedocs.io/en/latest/plugins/b101_assert_used.html
/Users/jose/Desktop/Homeassistant/helpers/entity.py,assert_used,B101,LOW,HIGH,Use of assert detected. The enclosed code will be removed when compiling to optimised byte code.,624,[624],https://bandit.readthedocs.io/en/latest/plugins/b101_assert_used.html
/Users/jose/Desktop/Homeassistant/helpers/entity.py,assert_used,B101,LOW,HIGH,Use of assert detected. The enclosed code will be removed when compiling to optimised byte code.,631,[631],https://bandit.readthedocs.io/en/latest/plugins/b101_assert_used.html
/Users/jose/Desktop/Homeassistant/helpers/entity.py,assert_used,B101,LOW,HIGH,Use of assert detected. The enclosed code will be removed when compiling to optimised byte code.,689,[689],https://bandit.readthedocs.io/en/latest/plugins/b101_assert_used.html
/Users/jose/Desktop/Homeassistant/helpers/entity.py,assert_used,B101,LOW,HIGH,Use of assert detected. The enclosed code will be removed when compiling to optimised byte code.,698,[698],https://bandit.readthedocs.io/en/latest/plugins/b101_assert_used.html
/Users/jose/Desktop/Homeassistant/helpers/event.py,assert_used,B101,LOW,HIGH,Use of assert detected. The enclosed code will be removed when compiling to optimised byte code.,786,[786],https://bandit.readthedocs.io/en/latest/plugins/b101_assert_used.html
/Users/jose/Desktop/Homeassistant/helpers/event.py,assert_used,B101,LOW,HIGH,Use of assert detected. The enclosed code will be removed when compiling to optimised byte code.,825,[825],https://bandit.readthedocs.io/en/latest/plugins/b101_assert_used.html
/Users/jose/Desktop/Homeassistant/helpers/event.py,assert_used,B101,LOW,HIGH,Use of assert detected. The enclosed code will be removed when compiling to optimised byte code.,937,[937],https://bandit.readthedocs.io/en/latest/plugins/b101_assert_used.html
/Users/jose/Desktop/Homeassistant/helpers/event.py,assert_used,B101,LOW,HIGH,Use of assert detected. The enclosed code will be removed when compiling to optimised byte code.,1164,[1164],https://bandit.readthedocs.io/en/latest/plugins/b101_assert_used.html
/Users/jose/Desktop/Homeassistant/helpers/event.py,assert_used,B101,LOW,HIGH,Use of assert detected. The enclosed code will be removed when compiling to optimised byte code.,1242,"[1242, 1243]",https://bandit.readthedocs.io/en/latest/plugins/b101_assert_used.html
/Users/jose/Desktop/Homeassistant/helpers/event.py,assert_used,B101,LOW,HIGH,Use of assert detected. The enclosed code will be removed when compiling to optimised byte code.,1253,[1253],https://bandit.readthedocs.io/en/latest/plugins/b101_assert_used.html
/Users/jose/Desktop/Homeassistant/helpers/event.py,assert_used,B101,LOW,HIGH,Use of assert detected. The enclosed code will be removed when compiling to optimised byte code.,1254,"[1254, 1255]",https://bandit.readthedocs.io/en/latest/plugins/b101_assert_used.html
/Users/jose/Desktop/Homeassistant/helpers/event.py,assert_used,B101,LOW,HIGH,Use of assert detected. The enclosed code will be removed when compiling to optimised byte code.,1264,"[1264, 1265]",https://bandit.readthedocs.io/en/latest/plugins/b101_assert_used.html
/Users/jose/Desktop/Homeassistant/helpers/event.py,assert_used,B101,LOW,HIGH,Use of assert detected. The enclosed code will be removed when compiling to optimised byte code.,1282,[1282],https://bandit.readthedocs.io/en/latest/plugins/b101_assert_used.html
/Users/jose/Desktop/Homeassistant/helpers/event.py,assert_used,B101,LOW,HIGH,Use of assert detected. The enclosed code will be removed when compiling to optimised byte code.,1377,[1377],https://bandit.readthedocs.io/en/latest/plugins/b101_assert_used.html
/Users/jose/Desktop/Homeassistant/helpers/intent.py,assert_used,B101,LOW,HIGH,Use of assert detected. The enclosed code will be removed when compiling to optimised byte code.,38,"[38, 39]",https://bandit.readthedocs.io/en/latest/plugins/b101_assert_used.html
/Users/jose/Desktop/Homeassistant/helpers/restore_state.py,assert_used,B101,LOW,HIGH,Use of assert detected. The enclosed code will be removed when compiling to optimised byte code.,236,[236],https://bandit.readthedocs.io/en/latest/plugins/b101_assert_used.html
/Users/jose/Desktop/Homeassistant/helpers/restore_state.py,assert_used,B101,LOW,HIGH,Use of assert detected. The enclosed code will be removed when compiling to optimised byte code.,245,[245],https://bandit.readthedocs.io/en/latest/plugins/b101_assert_used.html
/Users/jose/Desktop/Homeassistant/helpers/script.py,try_except_pass,B110,LOW,HIGH,"Try, Except, Pass detected.",400,[400],https://bandit.readthedocs.io/en/latest/plugins/b110_try_except_pass.html
/Users/jose/Desktop/Homeassistant/helpers/service.py,assert_used,B101,LOW,HIGH,Use of assert detected. The enclosed code will be removed when compiling to optimised byte code.,283,"[283, 284, 285]",https://bandit.readthedocs.io/en/latest/plugins/b101_assert_used.html
/Users/jose/Desktop/Homeassistant/helpers/service.py,assert_used,B101,LOW,HIGH,Use of assert detected. The enclosed code will be removed when compiling to optimised byte code.,316,[316],https://bandit.readthedocs.io/en/latest/plugins/b101_assert_used.html
/Users/jose/Desktop/Homeassistant/helpers/service.py,assert_used,B101,LOW,HIGH,Use of assert detected. The enclosed code will be removed when compiling to optimised byte code.,324,"[324, 325]",https://bandit.readthedocs.io/en/latest/plugins/b101_assert_used.html
/Users/jose/Desktop/Homeassistant/helpers/service.py,assert_used,B101,LOW,HIGH,Use of assert detected. The enclosed code will be removed when compiling to optimised byte code.,509,[509],https://bandit.readthedocs.io/en/latest/plugins/b101_assert_used.html
/Users/jose/Desktop/Homeassistant/helpers/service.py,assert_used,B101,LOW,HIGH,Use of assert detected. The enclosed code will be removed when compiling to optimised byte code.,531,"[531, 532]",https://bandit.readthedocs.io/en/latest/plugins/b101_assert_used.html
/Users/jose/Desktop/Homeassistant/helpers/service.py,assert_used,B101,LOW,HIGH,Use of assert detected. The enclosed code will be removed when compiling to optimised byte code.,552,"[552, 553, 554]",https://bandit.readthedocs.io/en/latest/plugins/b101_assert_used.html
/Users/jose/Desktop/Homeassistant/helpers/service.py,assert_used,B101,LOW,HIGH,Use of assert detected. The enclosed code will be removed when compiling to optimised byte code.,591,[591],https://bandit.readthedocs.io/en/latest/plugins/b101_assert_used.html
/Users/jose/Desktop/Homeassistant/helpers/service.py,assert_used,B101,LOW,HIGH,Use of assert detected. The enclosed code will be removed when compiling to optimised byte code.,608,[608],https://bandit.readthedocs.io/en/latest/plugins/b101_assert_used.html
/Users/jose/Desktop/Homeassistant/helpers/template.py,assert_used,B101,LOW,HIGH,Use of assert detected. The enclosed code will be removed when compiling to optimised byte code.,413,"[413, 414]",https://bandit.readthedocs.io/en/latest/plugins/b101_assert_used.html
/Users/jose/Desktop/Homeassistant/helpers/template.py,assert_used,B101,LOW,HIGH,Use of assert detected. The enclosed code will be removed when compiling to optimised byte code.,450,"[450, 451]",https://bandit.readthedocs.io/en/latest/plugins/b101_assert_used.html
/Users/jose/Desktop/Homeassistant/helpers/template.py,assert_used,B101,LOW,HIGH,Use of assert detected. The enclosed code will be removed when compiling to optimised byte code.,526,"[526, 527]",https://bandit.readthedocs.io/en/latest/plugins/b101_assert_used.html
/Users/jose/Desktop/Homeassistant/helpers/template.py,blacklist,B311,LOW,HIGH,Standard pseudo-random generators are not suitable for security/cryptographic purposes.,1263,[1263],https://bandit.readthedocs.io/en/latest/blacklists/blacklist_calls.html#b311-random
/Users/jose/Desktop/Homeassistant/helpers/translation.py,assert_used,B101,LOW,HIGH,Use of assert detected. The enclosed code will be removed when compiling to optimised byte code.,186,[186],https://bandit.readthedocs.io/en/latest/plugins/b101_assert_used.html
/Users/jose/Desktop/Homeassistant/scripts/check_config.py,assert_used,B101,LOW,HIGH,Use of assert detected. The enclosed code will be removed when compiling to optimised byte code.,44,[44],https://bandit.readthedocs.io/en/latest/plugins/b101_assert_used.html
/Users/jose/Desktop/Homeassistant/scripts/macos/__init__.py,start_process_with_a_shell,B605,LOW,HIGH,"Starting a process with a shell: Seems safe, but may be changed in the future, consider rewriting without shell",10,[10],https://bandit.readthedocs.io/en/latest/plugins/b605_start_process_with_a_shell.html
/Users/jose/Desktop/Homeassistant/scripts/macos/__init__.py,start_process_with_partial_path,B607,LOW,HIGH,Starting a process with a partial executable path,10,[10],https://bandit.readthedocs.io/en/latest/plugins/b607_start_process_with_partial_path.html
/Users/jose/Desktop/Homeassistant/scripts/macos/__init__.py,start_process_with_a_shell,B605,LOW,HIGH,"Starting a process with a shell: Seems safe, but may be changed in the future, consider rewriting without shell",13,[13],https://bandit.readthedocs.io/en/latest/plugins/b605_start_process_with_a_shell.html
/Users/jose/Desktop/Homeassistant/scripts/macos/__init__.py,start_process_with_partial_path,B607,LOW,HIGH,Starting a process with a partial executable path,13,[13],https://bandit.readthedocs.io/en/latest/plugins/b607_start_process_with_partial_path.html
/Users/jose/Desktop/Homeassistant/scripts/macos/__init__.py,start_process_with_a_shell,B605,HIGH,HIGH,"Starting a process with a shell, possible injection detected, security issue.",33,[33],https://bandit.readthedocs.io/en/latest/plugins/b605_start_process_with_a_shell.html
/Users/jose/Desktop/Homeassistant/scripts/macos/__init__.py,start_process_with_a_shell,B605,HIGH,HIGH,"Starting a process with a shell, possible injection detected, security issue.",44,[44],https://bandit.readthedocs.io/en/latest/plugins/b605_start_process_with_a_shell.html
/Users/jose/Desktop/Homeassistant/util/dt.py,assert_used,B101,LOW,HIGH,Use of assert detected. The enclosed code will be removed when compiling to optimised byte code.,38,"[38, 39]",https://bandit.readthedocs.io/en/latest/plugins/b101_assert_used.html
/Users/jose/Desktop/Homeassistant/util/package.py,blacklist,B404,LOW,HIGH,Consider possible security implications associated with PIPE module.,6,[6],https://bandit.readthedocs.io/en/latest/blacklists/blacklist_imports.html#b404-import-subprocess
/Users/jose/Desktop/Homeassistant/util/package.py,assert_used,B101,LOW,HIGH,Use of assert detected. The enclosed code will be removed when compiling to optimised byte code.,84,"[84, 85]",https://bandit.readthedocs.io/en/latest/plugins/b101_assert_used.html
/Users/jose/Desktop/Homeassistant/util/package.py,subprocess_without_shell_equals_true,B603,LOW,HIGH,subprocess call - check for execution of untrusted input.,92,[92],https://bandit.readthedocs.io/en/latest/plugins/b603_subprocess_without_shell_equals_true.html
/Users/jose/Desktop/Homeassistant/util/process.py,blacklist,B404,LOW,HIGH,Consider possible security implications associated with subprocess module.,3,"[3, 4, 5]",https://bandit.readthedocs.io/en/latest/blacklists/blacklist_imports.html#b404-import-subprocess
/Users/jose/Desktop/Homeassistant/util/thread.py,assert_used,B101,LOW,HIGH,Use of assert detected. The enclosed code will be removed when compiling to optimised byte code.,58,[58],https://bandit.readthedocs.io/en/latest/plugins/b101_assert_used.html
/Users/jose/Desktop/Homeassistant/util/timeout.py,assert_used,B101,LOW,HIGH,Use of assert detected. The enclosed code will be removed when compiling to optimised byte code.,214,[214],https://bandit.readthedocs.io/en/latest/plugins/b101_assert_used.html
/Users/jose/Desktop/Homeassistant/util/timeout.py,assert_used,B101,LOW,HIGH,Use of assert detected. The enclosed code will be removed when compiling to optimised byte code.,318,[318],https://bandit.readthedocs.io/en/latest/plugins/b101_assert_used.html
/Users/jose/Desktop/Homeassistant/util/timeout.py,assert_used,B101,LOW,HIGH,Use of assert detected. The enclosed code will be removed when compiling to optimised byte code.,464,"[464, 465, 466]",https://bandit.readthedocs.io/en/latest/plugins/b101_assert_used.html
/Users/jose/Desktop/Homeassistant/util/yaml/loader.py,yaml_load,B506,MEDIUM,HIGH,Use of unsafe yaml load. Allows instantiation of arbitrary objects. Consider yaml.safe_load().,70,[70],https://bandit.readthedocs.io/en/latest/plugins/b506_yaml_load.html
